{
  "theme.ErrorPageContent.title": {
    "message": "Această pagină a întâmpinat o eroare.",
    "description": "The title of the fallback page when the page crashed"
  },
  "theme.BackToTopButton.buttonAriaLabel": {
    "message": "Înapoi la începutul paginii",
    "description": "The ARIA label for the back to top button"
  },
  "theme.blog.archive.title": {
    "message": "Arhivă",
    "description": "The page & hero title of the blog archive page"
  },
  "theme.blog.archive.description": {
    "message": "Arhivă",
    "description": "The page & hero description of the blog archive page"
  },
  "theme.blog.paginator.navAriaLabel": {
    "message": "Navigare între paginile blogului",
    "description": "The ARIA label for the blog pagination"
  },
  "theme.blog.paginator.newerEntries": {
    "message": "Articole mai recente",
    "description": "The label used to navigate to the newer blog posts page"
  },
  "theme.blog.paginator.olderEntries": {
    "message": "Articole anterioare",
    "description": "The label used to navigate to the older blog posts page"
  },
  "theme.blog.post.paginator.navAriaLabel": {
    "message": "Navigare între articolele blogului",
    "description": "The ARIA label for the blog posts pagination"
  },
  "theme.blog.post.paginator.newerPost": {
    "message": "Articol mai recent",
    "description": "The blog post button label to navigate to the newer post"
  },
  "theme.blog.post.paginator.olderPost": {
    "message": "Articol anterior",
    "description": "The blog post button label to navigate to the older post"
  },
  "theme.tags.tagsPageLink": {
    "message": "Vezi toate etichetele",
    "description": "The label of the link targeting the tag list page"
  },
  "theme.colorToggle.ariaLabel.mode.system": {
    "message": "modul sistem",
    "description": "The name for the system color mode"
  },
  "theme.colorToggle.ariaLabel.mode.light": {
    "message": "modul luminos",
    "description": "The name for the light color mode"
  },
  "theme.colorToggle.ariaLabel.mode.dark": {
    "message": "modul întunecat",
    "description": "The name for the dark color mode"
  },
  "theme.colorToggle.ariaLabel": {
    "message": "Comutare între modul luminos și întunecat (în prezent: {mode})",
    "description": "The ARIA label for the color mode toggle"
  },
  "theme.docs.DocCard.categoryDescription.plurals": {
    "message": "1 element|{count} elemente",
    "description": "The default description for a category card"
  },
  "theme.docs.breadcrumbs.navAriaLabel": {
    "message": "Lanț de navigare",
    "description": "The ARIA label for the breadcrumbs"
  },
  "theme.docs.paginator.navAriaLabel": {
    "message": "Navigare în documentație",
    "description": "The ARIA label for the docs pagination"
  },
  "theme.docs.paginator.previous": {
    "message": "Anterior",
    "description": "The label used to navigate to the previous doc"
  },
  "theme.docs.paginator.next": {
    "message": "Următor",
    "description": "The label used to navigate to the next doc"
  },
  "theme.docs.tagDocListPageTitle.nDocsTagged": {
    "message": "Un document etichetat|{count} documente eticheta",
    "description": "Pluralized label for docs tagged"
  },
  "theme.docs.tagDocListPageTitle": {
    "message": "{nDocsTagged} cu «{tagName}»",
    "description": "The title of the page for a docs tag"
  },
  "theme.docs.versionBadge.label": {
    "message": "Versiune: {versionLabel}"
  },
  "theme.docs.versions.unreleasedVersionLabel": {
    "message": "Aceasta este documentația versiunii {versionLabel} a {siteTitle}, care nu a fost încă publicată.",
    "description": "The label for unreleased doc version"
  },
  "theme.docs.versions.unmaintainedVersionLabel": {
    "message": "Aceasta este documentația {siteTitle} {versionLabel}, care nu mai este întreținută activ.",
    "description": "The label for unmaintained doc version"
  },
  "theme.docs.versions.latestVersionSuggestionLabel": {
    "message": "Pentru documentație actualizată, consultați {latestVersionLink} ({versionLabel}).",
    "description": "The label to check the latest version"
  },
  "theme.docs.versions.latestVersionLinkLabel": {
    "message": "cea mai recentă versiune",
    "description": "The label for the latest version link"
  },
  "theme.common.editThisPage": {
    "message": "Editează această pagină",
    "description": "The link label to edit the current page"
  },
  "theme.common.headingLinkTitle": {
    "message": "Link direct către {heading}",
    "description": "Title for link to heading"
  },
  "theme.lastUpdated.atDate": {
    "message": " pe {date}",
    "description": "The words used to describe on which date a page has been last updated"
  },
  "theme.lastUpdated.byUser": {
    "message": " de {user}",
    "description": "The words used to describe by who the page has been last updated"
  },
  "theme.lastUpdated.lastUpdatedAtBy": {
    "message": "Ultima actualizare{atDate}{byUser}",
    "description": "The sentence used to display when a page has been last updated"
  },
  "theme.navbar.mobileVersionsDropdown.label": {
    "message": "Versiuni",
    "description": "The label for the navbar versions dropdown on mobile"
  },
  "theme.NotFound.title": {
    "message": "Pagina nu a fost găsită",
    "description": "The title of the 404 page"
  },
  "theme.tags.tagsListLabel": {
    "message": "Etichete:",
    "description": "The label alongside a tag list"
  },
  "theme.admonition.caution": {
    "message": "atenție",
    "description": "The default label used for the Caution admonition"
  },
  "theme.admonition.danger": {
    "message": "pericol",
    "description": "The default label used for the Danger admonition"
  },
  "theme.admonition.info": {
    "message": "informație",
    "description": "The default label used for the Info admonition"
  },
  "theme.admonition.note": {
    "message": "notă",
    "description": "The default label used for the Note admonition"
  },
  "theme.admonition.tip": {
    "message": "sfat",
    "description": "The default label used for the Tip admonition"
  },
  "theme.admonition.warning": {
    "message": "avertisment",
    "description": "The default label used for the Warning admonition"
  },
  "theme.AnnouncementBar.closeButtonAriaLabel": {
    "message": "Închide",
    "description": "The ARIA label for close button of announcement bar"
  },
  "theme.blog.sidebar.navAriaLabel": {
    "message": "Navigare — articole recente",
    "description": "The ARIA label for recent posts in the blog sidebar"
  },
  "theme.DocSidebarItem.expandCategoryAriaLabel": {
    "message": "Extinde categoria «{label}»",
    "description": "The ARIA label to expand the sidebar category"
  },
  "theme.DocSidebarItem.collapseCategoryAriaLabel": {
    "message": "Restrânge categoria «{label}»",
    "description": "The ARIA label to collapse the sidebar category"
  },
  "theme.IconExternalLink.ariaLabel": {
    "message": "(se deschide într-o filă nouă)",
    "description": "The ARIA label for the external link icon"
  },
  "theme.NavBar.navAriaLabel": {
    "message": "Navigare principală",
    "description": "The ARIA label for the main navigation"
  },
  "theme.navbar.mobileLanguageDropdown.label": {
    "message": "Limbă",
    "description": "The label for the mobile language switcher dropdown"
  },
  "theme.NotFound.p1": {
    "message": "Nu am putut găsi pagina pe care o căutați.",
    "description": "The first paragraph of the 404 page"
  },
  "theme.NotFound.p2": {
    "message": "Dacă ați accesat un link extern, este posibil ca acesta să nu mai fie valid. Vă rugăm să informați proprietarul site-ului sursă.",
    "description": "The 2nd paragraph of the 404 page"
  },
  "theme.TOCCollapsible.toggleButtonLabel": {
    "message": "Pe această pagină",
    "description": "The label used by the button on the collapsible TOC component"
  },
  "theme.blog.post.readMore": {
    "message": "Citește mai mult",
    "description": "The label used in blog post item excerpts to link to full blog posts"
  },
  "theme.blog.post.readMoreLabel": {
    "message": "Citește mai mult despre {title}",
    "description": "The ARIA label for the link to full blog posts from excerpts"
  },
  "theme.blog.post.readingTime.plurals": {
    "message": "1 minut de citire|{readingTime} minute de citire",
    "description": "Pluralized label for reading time"
  },
  "theme.CodeBlock.copy": {
    "message": "Copiază",
    "description": "The copy button label on code blocks"
  },
  "theme.CodeBlock.copied": {
    "message": "Copiat!",
    "description": "The copied button label on code blocks"
  },
  "theme.CodeBlock.copyButtonAriaLabel": {
    "message": "Copiază codul în clipboard",
    "description": "The ARIA label for copy code blocks button"
  },
  "theme.CodeBlock.wordWrapToggle": {
    "message": "Activează/dezactivează încadrarea automată a textului",
    "description": "The title attribute for toggle word wrapping button"
  },
  "theme.docs.breadcrumbs.home": {
    "message": "Acasă",
    "description": "The ARIA label for the home page in the breadcrumbs"
  },
  "theme.docs.sidebar.collapseButtonTitle": {
    "message": "Restrânge bara laterală",
    "description": "The title attribute for collapse button of doc sidebar"
  },
  "theme.docs.sidebar.collapseButtonAriaLabel": {
    "message": "Restrânge bara laterală",
    "description": "The ARIA label for collapse button of doc sidebar"
  },
  "theme.docs.sidebar.navAriaLabel": {
    "message": "Bara laterală a documentației",
    "description": "The ARIA label for the sidebar navigation"
  },
  "theme.docs.sidebar.closeSidebarButtonAriaLabel": {
    "message": "Închide bara de navigare",
    "description": "The ARIA label for close button of mobile sidebar"
  },
  "theme.navbar.mobileSidebarSecondaryMenu.backButtonLabel": {
    "message": "← Înapoi la meniul principal",
    "description": "The label of the back button to return to main menu"
  },
  "theme.docs.sidebar.toggleSidebarButtonAriaLabel": {
    "message": "Deschide/închide bara de navigare",
    "description": "The ARIA label for hamburger menu button of mobile navigation"
  },
  "theme.navbar.mobileDropdown.collapseButton.expandAriaLabel": {
    "message": "Extinde meniul",
    "description": "The ARIA label to expand the mobile dropdown"
  },
  "theme.navbar.mobileDropdown.collapseButton.collapseAriaLabel": {
    "message": "Restrânge meniul",
    "description": "The ARIA label to collapse the mobile dropdown"
  },
  "theme.docs.sidebar.expandButtonTitle": {
    "message": "Extinde bara laterală",
    "description": "The title attribute for expand button of doc sidebar"
  },
  "theme.docs.sidebar.expandButtonAriaLabel": {
    "message": "Extinde bara laterală",
    "description": "The ARIA label for expand button of doc sidebar"
  },
  "theme.blog.post.plurals": {
    "message": "1 articol|{count} articole",
    "description": "Pluralized label for posts"
  },
  "theme.blog.tagTitle": {
    "message": "{nPosts} etichetat(e) cu «{tagName}»",
    "description": "The title of the page for a blog tag"
  },
  "theme.blog.author.pageTitle": {
    "message": "{authorName} — {nPosts}",
    "description": "The title of the page for a blog author"
  },
  "theme.blog.authorsList.pageTitle": {
    "message": "Autori",
    "description": "The title of the authors page"
  },
  "theme.blog.authorsList.viewAll": {
    "message": "Vezi toți autorii",
    "description": "The label of the link targeting the blog authors page"
  },
  "theme.blog.author.noPosts": {
    "message": "Acest autor nu a publicat încă niciun articol.",
    "description": "The text for authors with 0 blog post"
  },
  "theme.contentVisibility.unlistedBanner.title": {
    "message": "Pagină neindexată",
    "description": "The unlisted content banner title"
  },
  "theme.contentVisibility.unlistedBanner.message": {
    "message": "Această pagină nu este indexată. Nu va fi găsită de motoarele de căutare și este accesibilă doar printr-un link direct.",
    "description": "The unlisted content banner message"
  },
  "theme.contentVisibility.draftBanner.title": {
    "message": "Pagină în ciornă",
    "description": "The draft content banner title"
  },
  "theme.contentVisibility.draftBanner.message": {
    "message": "Această pagină este o ciornă. Este vizibilă doar în mediul de dezvoltare și va fi exclusă din build-ul de producție.",
    "description": "The draft content banner message"
  },
  "theme.ErrorPageContent.tryAgain": {
    "message": "Încearcă din nou",
    "description": "The label of the button to try again"
  },
  "theme.common.skipToMainContent": {
    "message": "Treci la conținutul principal",
    "description": "The skip to content label used for accessibility"
  },
  "theme.tags.tagsPageTitle": {
    "message": "Etichete",
    "description": "The title of the tag list page"
  },
  "homepage.description": {
    "message": "Infrastructură criptografică deterministă pentru securizarea dovezilor digitale și a registrelor instituționale."
  },
  "homepage.hero.subtitle": {
    "message": "Infrastructură criptografică deterministă pentru securizarea dovezilor digitale, tranzacțiilor și registrelor instituționale în toate jurisdicțiile."
  },
  "homepage.hero.punchline": {
    "message": "Stratul de integritate lipsă din economia digitală"
  },
  "homepage.cta.primary": {
    "message": "Citeşte Teza Centrală"
  },
  "homepage.cta.secondary": {
    "message": "Explorează Cazurile de Utilizare"
  },
  "homepage.title": {
    "message": "VeriSeal — Infrastructură Globală de Integritate"
  },
  "homepage.gap.title": {
    "message": "Decalajul Structural de Integritate"
  },
  "homepage.gap.item1": {
    "message": "Dovezile digitale depind de încrederea la nivel de sistem."
  },
  "homepage.gap.item2": {
    "message": "Marcarea temporală nu garantează imutabilitatea structurală."
  },
  "homepage.gap.item3": {
    "message": "Semnăturile validează identitatea — nu arhitectura."
  },
  "homepage.gap.item4": {
    "message": "Ancorarea blockchain nu înlocuiește guvernanța."
  },
  "homepage.gap.item5": {
    "message": "Conținutul generat de IA crește ambiguitatea probatorie."
  },
  "homepage.gap.conclusion": {
    "message": "Economia digitală funcționează fără un standard de integritate determinist."
  },
  "homepage.how.title": {
    "message": "Cum funcționează VeriSeal"
  },
  "homepage.how.step1.title": {
    "message": "Canonicalizare"
  },
  "homepage.how.step1.desc": {
    "message": "Normalizarea datelor într-un format determinist care elimină ambiguitatea structurală."
  },
  "homepage.how.step2.title": {
    "message": "Sigilare"
  },
  "homepage.how.step2.desc": {
    "message": "Generarea unui hash criptografic și a unei intrări în registru doar cu adăugare, creând o structură de dovadă imutabilă."
  },
  "homepage.how.step3.title": {
    "message": "Verificare"
  },
  "homepage.how.step3.desc": {
    "message": "Verificare independentă în toate jurisdicțiile și în timp."
  },
  "homepage.positioning.title": {
    "message": "Dublu Poziționament Strategic"
  },
  "homepage.positioning.card1.title": {
    "message": "Infrastructură Comercială"
  },
  "homepage.positioning.card1.item1": {
    "message": "Arhitectură nativă API"
  },
  "homepage.positioning.card1.item2": {
    "message": "Gata pentru implementare în întreprinderi"
  },
  "homepage.positioning.card1.item3": {
    "message": "Scalabilitate multisectorială"
  },
  "homepage.positioning.card1.item4": {
    "message": "Interoperabilitate globală"
  },
  "homepage.positioning.card2.title": {
    "message": "Standard Global Emergent"
  },
  "homepage.positioning.card2.item1": {
    "message": "Cadru de guvernanță și conformitate"
  },
  "homepage.positioning.card2.item2": {
    "message": "Model pregătit pentru certificare"
  },
  "homepage.positioning.card2.item3": {
    "message": "Design compatibil cu suveranitatea"
  },
  "homepage.positioning.card2.item4": {
    "message": "Reziliență arhivistică pe termen lung"
  },
  "homepage.sectors.title": {
    "message": "Aplicații Imediate"
  },
  "homepage.sectors.item1": {
    "message": "Bancă & Infrastructură Financiară"
  },
  "homepage.sectors.item2": {
    "message": "Sisteme Juridice & Notariale"
  },
  "homepage.sectors.item3": {
    "message": "Sector Public & Achiziții"
  },
  "homepage.sectors.item4": {
    "message": "Asigurări & Daune"
  },
  "homepage.sectors.item5": {
    "message": "Identitate Digitală"
  },
  "homepage.sectors.item6": {
    "message": "Lanț de Aprovizionare & Platforme"
  },
  "homepage.final.title": {
    "message": "VeriSeal este Infrastructură"
  },
  "homepage.final.claim": {
    "message": "Nu este un SaaS de flux de lucru. Nu este un instrument de semnătură. Nu este un înveliș blockchain."
  },
  "homepage.final.desc": {
    "message": "VeriSeal este un strat de integritate criptografică structurală conceput pentru a reduce incertitudinea digitală și a ancora încrederea instituțională în verificarea deterministă."
  }
}