{
  "theme.ErrorPageContent.title": {
    "message": "Diese Seite ist auf einen Fehler gestoßen.",
    "description": "The title of the fallback page when the page crashed"
  },
  "theme.BackToTopButton.buttonAriaLabel": {
    "message": "Zurück nach oben",
    "description": "The ARIA label for the back to top button"
  },
  "theme.blog.archive.title": {
    "message": "Archiv",
    "description": "The page & hero title of the blog archive page"
  },
  "theme.blog.archive.description": {
    "message": "Archiv",
    "description": "The page & hero description of the blog archive page"
  },
  "theme.blog.paginator.navAriaLabel": {
    "message": "Blog-Seitennavigation",
    "description": "The ARIA label for the blog pagination"
  },
  "theme.blog.paginator.newerEntries": {
    "message": "Neuere Beiträge",
    "description": "The label used to navigate to the newer blog posts page"
  },
  "theme.blog.paginator.olderEntries": {
    "message": "Ältere Beiträge",
    "description": "The label used to navigate to the older blog posts page"
  },
  "theme.blog.post.paginator.navAriaLabel": {
    "message": "Navigation zwischen Blog-Beiträgen",
    "description": "The ARIA label for the blog posts pagination"
  },
  "theme.blog.post.paginator.newerPost": {
    "message": "Neuerer Beitrag",
    "description": "The blog post button label to navigate to the newer post"
  },
  "theme.blog.post.paginator.olderPost": {
    "message": "Älterer Beitrag",
    "description": "The blog post button label to navigate to the older post"
  },
  "theme.tags.tagsPageLink": {
    "message": "Alle Tags anzeigen",
    "description": "The label of the link targeting the tag list page"
  },
  "theme.colorToggle.ariaLabel.mode.system": {
    "message": "Systemmodus",
    "description": "The name for the system color mode"
  },
  "theme.colorToggle.ariaLabel.mode.light": {
    "message": "Heller Modus",
    "description": "The name for the light color mode"
  },
  "theme.colorToggle.ariaLabel.mode.dark": {
    "message": "Dunkler Modus",
    "description": "The name for the dark color mode"
  },
  "theme.colorToggle.ariaLabel": {
    "message": "Zwischen hellem und dunklem Modus wechseln (aktuell: {mode})",
    "description": "The ARIA label for the color mode toggle"
  },
  "theme.docs.DocCard.categoryDescription.plurals": {
    "message": "1 Eintrag|{count} Einträge",
    "description": "The default description for a category card"
  },
  "theme.docs.breadcrumbs.navAriaLabel": {
    "message": "Breadcrumb-Navigation",
    "description": "The ARIA label for the breadcrumbs"
  },
  "theme.docs.paginator.navAriaLabel": {
    "message": "Dokumentationsnavigation",
    "description": "The ARIA label for the docs pagination"
  },
  "theme.docs.paginator.previous": {
    "message": "Zurück",
    "description": "The label used to navigate to the previous doc"
  },
  "theme.docs.paginator.next": {
    "message": "Weiter",
    "description": "The label used to navigate to the next doc"
  },
  "theme.docs.tagDocListPageTitle.nDocsTagged": {
    "message": "Ein Dokument mit Tag|{count} Dokumente mit Tag",
    "description": "Pluralized label for docs tagged"
  },
  "theme.docs.tagDocListPageTitle": {
    "message": "{nDocsTagged} mit «{tagName}»",
    "description": "The title of the page for a docs tag"
  },
  "theme.docs.versionBadge.label": {
    "message": "Version: {versionLabel}"
  },
  "theme.docs.versions.unreleasedVersionLabel": {
    "message": "Dies ist die Dokumentation der noch unveröffentlichten Version {versionLabel} von {siteTitle}.",
    "description": "The label for unreleased doc version"
  },
  "theme.docs.versions.unmaintainedVersionLabel": {
    "message": "Dies ist die Dokumentation von {siteTitle} {versionLabel}, die nicht mehr aktiv gepflegt wird.",
    "description": "The label for unmaintained doc version"
  },
  "theme.docs.versions.latestVersionSuggestionLabel": {
    "message": "Für aktuelle Dokumentation besuchen Sie die {latestVersionLink} ({versionLabel}).",
    "description": "The label to check the latest version"
  },
  "theme.docs.versions.latestVersionLinkLabel": {
    "message": "neueste Version",
    "description": "The label for the latest version link"
  },
  "theme.common.editThisPage": {
    "message": "Diese Seite bearbeiten",
    "description": "The link label to edit the current page"
  },
  "theme.common.headingLinkTitle": {
    "message": "Direktlink zu {heading}",
    "description": "Title for link to heading"
  },
  "theme.lastUpdated.atDate": {
    "message": " am {date}",
    "description": "The words used to describe on which date a page has been last updated"
  },
  "theme.lastUpdated.byUser": {
    "message": " von {user}",
    "description": "The words used to describe by who the page has been last updated"
  },
  "theme.lastUpdated.lastUpdatedAtBy": {
    "message": "Zuletzt aktualisiert{atDate}{byUser}",
    "description": "The sentence used to display when a page has been last updated"
  },
  "theme.navbar.mobileVersionsDropdown.label": {
    "message": "Versionen",
    "description": "The label for the navbar versions dropdown on mobile"
  },
  "theme.NotFound.title": {
    "message": "Seite nicht gefunden",
    "description": "The title of the 404 page"
  },
  "theme.tags.tagsListLabel": {
    "message": "Tags:",
    "description": "The label alongside a tag list"
  },
  "theme.admonition.caution": {
    "message": "Achtung",
    "description": "The default label used for the Caution admonition"
  },
  "theme.admonition.danger": {
    "message": "Gefahr",
    "description": "The default label used for the Danger admonition"
  },
  "theme.admonition.info": {
    "message": "Hinweis",
    "description": "The default label used for the Info admonition"
  },
  "theme.admonition.note": {
    "message": "Anmerkung",
    "description": "The default label used for the Note admonition"
  },
  "theme.admonition.tip": {
    "message": "Tipp",
    "description": "The default label used for the Tip admonition"
  },
  "theme.admonition.warning": {
    "message": "Warnung",
    "description": "The default label used for the Warning admonition"
  },
  "theme.AnnouncementBar.closeButtonAriaLabel": {
    "message": "Schließen",
    "description": "The ARIA label for close button of announcement bar"
  },
  "theme.blog.sidebar.navAriaLabel": {
    "message": "Navigation — aktuelle Beiträge",
    "description": "The ARIA label for recent posts in the blog sidebar"
  },
  "theme.DocSidebarItem.expandCategoryAriaLabel": {
    "message": "Kategorie «{label}» aufklappen",
    "description": "The ARIA label to expand the sidebar category"
  },
  "theme.DocSidebarItem.collapseCategoryAriaLabel": {
    "message": "Kategorie «{label}» einklappen",
    "description": "The ARIA label to collapse the sidebar category"
  },
  "theme.IconExternalLink.ariaLabel": {
    "message": "(öffnet in einem neuen Tab)",
    "description": "The ARIA label for the external link icon"
  },
  "theme.NavBar.navAriaLabel": {
    "message": "Hauptnavigation",
    "description": "The ARIA label for the main navigation"
  },
  "theme.navbar.mobileLanguageDropdown.label": {
    "message": "Sprache",
    "description": "The label for the mobile language switcher dropdown"
  },
  "theme.NotFound.p1": {
    "message": "Die gesuchte Seite konnte nicht gefunden werden.",
    "description": "The first paragraph of the 404 page"
  },
  "theme.NotFound.p2": {
    "message": "Wenn Sie einem externen Link gefolgt sind, ist dieser möglicherweise veraltet. Bitte informieren Sie den Betreiber der verlinkenden Website.",
    "description": "The 2nd paragraph of the 404 page"
  },
  "theme.TOCCollapsible.toggleButtonLabel": {
    "message": "Auf dieser Seite",
    "description": "The label used by the button on the collapsible TOC component"
  },
  "theme.blog.post.readMore": {
    "message": "Weiterlesen",
    "description": "The label used in blog post item excerpts to link to full blog posts"
  },
  "theme.blog.post.readMoreLabel": {
    "message": "Weiterlesen: {title}",
    "description": "The ARIA label for the link to full blog posts from excerpts"
  },
  "theme.blog.post.readingTime.plurals": {
    "message": "1 Minute Lesezeit|{readingTime} Minuten Lesezeit",
    "description": "Pluralized label for reading time"
  },
  "theme.CodeBlock.copy": {
    "message": "Kopieren",
    "description": "The copy button label on code blocks"
  },
  "theme.CodeBlock.copied": {
    "message": "Kopiert!",
    "description": "The copied button label on code blocks"
  },
  "theme.CodeBlock.copyButtonAriaLabel": {
    "message": "Code in die Zwischenablage kopieren",
    "description": "The ARIA label for copy code blocks button"
  },
  "theme.CodeBlock.wordWrapToggle": {
    "message": "Automatischen Zeilenumbruch ein-/ausschalten",
    "description": "The title attribute for toggle word wrapping button"
  },
  "theme.docs.breadcrumbs.home": {
    "message": "Startseite",
    "description": "The ARIA label for the home page in the breadcrumbs"
  },
  "theme.docs.sidebar.collapseButtonTitle": {
    "message": "Seitenleiste einklappen",
    "description": "The title attribute for collapse button of doc sidebar"
  },
  "theme.docs.sidebar.collapseButtonAriaLabel": {
    "message": "Seitenleiste einklappen",
    "description": "The ARIA label for collapse button of doc sidebar"
  },
  "theme.docs.sidebar.navAriaLabel": {
    "message": "Dokumentations-Seitenleiste",
    "description": "The ARIA label for the sidebar navigation"
  },
  "theme.docs.sidebar.closeSidebarButtonAriaLabel": {
    "message": "Navigationsleiste schließen",
    "description": "The ARIA label for close button of mobile sidebar"
  },
  "theme.navbar.mobileSidebarSecondaryMenu.backButtonLabel": {
    "message": "← Zurück zum Hauptmenü",
    "description": "The label of the back button to return to main menu"
  },
  "theme.docs.sidebar.toggleSidebarButtonAriaLabel": {
    "message": "Navigationsleiste öffnen/schließen",
    "description": "The ARIA label for hamburger menu button of mobile navigation"
  },
  "theme.navbar.mobileDropdown.collapseButton.expandAriaLabel": {
    "message": "Menü aufklappen",
    "description": "The ARIA label to expand the mobile dropdown"
  },
  "theme.navbar.mobileDropdown.collapseButton.collapseAriaLabel": {
    "message": "Menü einklappen",
    "description": "The ARIA label to collapse the mobile dropdown"
  },
  "theme.docs.sidebar.expandButtonTitle": {
    "message": "Seitenleiste aufklappen",
    "description": "The title attribute for expand button of doc sidebar"
  },
  "theme.docs.sidebar.expandButtonAriaLabel": {
    "message": "Seitenleiste aufklappen",
    "description": "The ARIA label for expand button of doc sidebar"
  },
  "theme.blog.post.plurals": {
    "message": "1 Beitrag|{count} Beiträge",
    "description": "Pluralized label for posts"
  },
  "theme.blog.tagTitle": {
    "message": "{nPosts} mit dem Tag «{tagName}»",
    "description": "The title of the page for a blog tag"
  },
  "theme.blog.author.pageTitle": {
    "message": "{authorName} — {nPosts}",
    "description": "The title of the page for a blog author"
  },
  "theme.blog.authorsList.pageTitle": {
    "message": "Autoren",
    "description": "The title of the authors page"
  },
  "theme.blog.authorsList.viewAll": {
    "message": "Alle Autoren anzeigen",
    "description": "The label of the link targeting the blog authors page"
  },
  "theme.blog.author.noPosts": {
    "message": "Dieser Autor hat noch keine Beiträge veröffentlicht.",
    "description": "The text for authors with 0 blog post"
  },
  "theme.contentVisibility.unlistedBanner.title": {
    "message": "Nicht gelistete Seite",
    "description": "The unlisted content banner title"
  },
  "theme.contentVisibility.unlistedBanner.message": {
    "message": "Diese Seite ist nicht gelistet. Sie wird von Suchmaschinen nicht indexiert und ist nur über einen direkten Link erreichbar.",
    "description": "The unlisted content banner message"
  },
  "theme.contentVisibility.draftBanner.title": {
    "message": "Seite im Entwurfsstatus",
    "description": "The draft content banner title"
  },
  "theme.contentVisibility.draftBanner.message": {
    "message": "Diese Seite ist ein Entwurf. Sie ist nur in der Entwicklungsumgebung sichtbar und wird beim Produktions-Build ausgeschlossen.",
    "description": "The draft content banner message"
  },
  "theme.ErrorPageContent.tryAgain": {
    "message": "Erneut versuchen",
    "description": "The label of the button to try again"
  },
  "theme.common.skipToMainContent": {
    "message": "Zum Hauptinhalt springen",
    "description": "The skip to content label used for accessibility"
  },
  "theme.tags.tagsPageTitle": {
    "message": "Tags",
    "description": "The title of the tag list page"
  },
  "homepage.description": {
    "message": "Deterministische kryptografische Infrastruktur zur Sicherung digitaler Nachweise und institutioneller Register."
  },
  "homepage.hero.subtitle": {
    "message": "Deterministische kryptografische Infrastruktur zur Sicherung digitaler Nachweise, Transaktionen und institutioneller Register über Jurisdiktionen hinweg."
  },
  "homepage.hero.punchline": {
    "message": "Die fehlende Integritätsschicht der digitalen Wirtschaft"
  },
  "homepage.cta.primary": {
    "message": "Die Kernthese lesen"
  },
  "homepage.cta.secondary": {
    "message": "Anwendungsfälle erkunden"
  },
  "homepage.title": {
    "message": "VeriSeal — Globale Integritätsinfrastruktur"
  },
  "homepage.gap.title": {
    "message": "Die strukturelle Integritätslücke"
  },
  "homepage.gap.item1": {
    "message": "Digitale Nachweise basieren auf systemweitem Vertrauen."
  },
  "homepage.gap.item2": {
    "message": "Zeitstempel garantieren keine strukturelle Unveränderlichkeit."
  },
  "homepage.gap.item3": {
    "message": "Signaturen validieren Identität — nicht Architektur."
  },
  "homepage.gap.item4": {
    "message": "Blockchain-Verankerung ersetzt keine Governance."
  },
  "homepage.gap.item5": {
    "message": "KI-generierte Inhalte erhöhen die Beweisambiguität."
  },
  "homepage.gap.conclusion": {
    "message": "Die digitale Wirtschaft funktioniert ohne deterministischen Integritätsstandard."
  },
  "homepage.how.title": {
    "message": "Wie VeriSeal funktioniert"
  },
  "homepage.how.step1.title": {
    "message": "Kanonisieren"
  },
  "homepage.how.step1.desc": {
    "message": "Daten in ein deterministisches Format normalisieren, das strukturelle Mehrdeutigkeiten beseitigt."
  },
  "homepage.how.step2.title": {
    "message": "Versiegeln"
  },
  "homepage.how.step2.desc": {
    "message": "Einen kryptografischen Hash und einen Nur-Anhänge-Ledger-Eintrag generieren, der eine unveränderliche Beweisstruktur erstellt."
  },
  "homepage.how.step3.title": {
    "message": "Verifizieren"
  },
  "homepage.how.step3.desc": {
    "message": "Unabhängige Verifizierung über Jurisdiktionen und im Zeitverlauf."
  },
  "homepage.positioning.title": {
    "message": "Doppelte strategische Positionierung"
  },
  "homepage.positioning.card1.title": {
    "message": "Kommerzielle Infrastruktur"
  },
  "homepage.positioning.card1.item1": {
    "message": "API-native Architektur"
  },
  "homepage.positioning.card1.item2": {
    "message": "Unternehmensbereitstellung bereit"
  },
  "homepage.positioning.card1.item3": {
    "message": "Sektorübergreifende Skalierbarkeit"
  },
  "homepage.positioning.card1.item4": {
    "message": "Globale Interoperabilität"
  },
  "homepage.positioning.card2.title": {
    "message": "Aufkommender globaler Standard"
  },
  "homepage.positioning.card2.item1": {
    "message": "Governance- und Konformitätsrahmen"
  },
  "homepage.positioning.card2.item2": {
    "message": "Zertifizierungsfähiges Modell"
  },
  "homepage.positioning.card2.item3": {
    "message": "Souveränitätskompatibles Design"
  },
  "homepage.positioning.card2.item4": {
    "message": "Langfristige Archivierungsresilienz"
  },
  "homepage.sectors.title": {
    "message": "Sofortige Anwendungen"
  },
  "homepage.sectors.item1": {
    "message": "Bank- & Finanzinfrastruktur"
  },
  "homepage.sectors.item2": {
    "message": "Rechts- & Notarsysteme"
  },
  "homepage.sectors.item3": {
    "message": "Öffentlicher Sektor & Beschaffung"
  },
  "homepage.sectors.item4": {
    "message": "Versicherung & Schadensfälle"
  },
  "homepage.sectors.item5": {
    "message": "Digitale Identität"
  },
  "homepage.sectors.item6": {
    "message": "Lieferkette & Plattformen"
  },
  "homepage.final.title": {
    "message": "VeriSeal ist Infrastruktur"
  },
  "homepage.final.claim": {
    "message": "Kein Workflow-SaaS. Kein Signaturwerkzeug. Kein Blockchain-Wrapper."
  },
  "homepage.final.desc": {
    "message": "VeriSeal ist eine strukturelle kryptografische Integritätsschicht, die digitale Unsicherheit reduziert und institutionelles Vertrauen in deterministischer Verifizierung verankert."
  }
}